{
  "project_info": {
    "project_number": "427790025613",
    "firebase_url": "https://mobile-2a055.firebaseio.com",
    "project_id": "mobile-2a055",
    "storage_bucket": "mobile-2a055.appspot.com"
  },
  "client": [
    {
      "client_info": {
        "mobilesdk_app_id": "1:427790025613:android:23009702bc8879ca3bf3c4",
        "android_client_info": {
          "package_name": "com.app.arctic"
        }
      },
      "oauth_client": [
        {
          "client_id": "427790025613-dh92pjfna7inen937qdarmllg65p3mv6.apps.googleusercontent.com",
          "client_type": 3
        }
      ],
      "api_key": [
        {
          "current_key": "AIzaSyAEmtwcb3hc_gBW4zKH-K66BHwNw952nQM"
        }
      ],
      "services": {
        "appinvite_service": {
          "other_platform_oauth_client": [
            {
              "client_id": "427790025613-dh92pjfna7inen937qdarmllg65p3mv6.apps.googleusercontent.com",
              "client_type": 3
            }
          ]
        }
      }
    }
  ],
  "configuration_version": "1"
}